<?xml version="1.0" encoding="UTF-8"?>
<configuration>
  <appender name="STDOUT" class="ch.qos.logback.core.ConsoleAppender">
    <encoder>
      <pattern>
        %d{dd-MM-yyyy HH:mm:ss.SSS} %green([%thread]) %highlight(%-5level)- %msg%n
      </pattern>
    </encoder>
  </appender>
<appender name="FILE" class="ch.qos.logback.core.FileAppender">
    <encoder class="ch.qos.logback.core.encoder.LayoutWrappingEncoder">
      <layout class="ch.qos.logback.classic.html.HTMLLayout">
        <pattern> %d%thread%-5level%msg</pattern>
      </layout>
    </encoder>
    <file>test.html</file>
  </appender>
  <root level="info">
    <appender-ref ref="STDOUT"/>
     <appender-ref ref="FILE"/>
    
  </root>
  
 
</configuration>